{
    "Informative posts": {
        "case": 0.40488758266791935,
        "new": 0.3877511602877336,
        "variant": 0.2908133702158002,
        "covid": 0.2820008438456244,
        "vaccin": 0.2203131592543941,
        "report": 0.214352249647722,
        "death": 0.17631321231240826,
        "omicron": 0.15421921147807585,
        "health": 0.14885572892202917,
        "via": 0.1020464401580129,
        "canada": 0.09694411815011225
    },
    "Informative questions": {
        "covid": 0.563781656461459,
        "vaccin": 0.23063795037059684,
        "test": 0.2077225905289948,
        "curiou": 0.15005915686338792,
        "get": 0.12813219465033157,
        "wait": 0.10388781839961213,
        "know": 0.10250575572026525,
        "mouth": 0.10003943790892528,
        "jatetro": 0.10003943790892528,
        "sampl": 0.10003943790892528,
        "instanc": 0.10003943790892528
    },
    "Jokes and sarcasm": {
        "covid": 0.7947605816430591,
        "variant": 0.14192153243626057,
        "lol": 0.11357760637095342,
        "omicron": 0.11353722594900846,
        "go": 0.11353722594900846,
        "new": 0.11353722594900846,
        "get": 0.09934507270538238,
        "like": 0.08515291946175635,
        "well": 0.08217046144624189,
        "name": 0.08217046144624189,
        "cough": 0.06814656382257206
    },
    "Critique and opinions": {
        "covid": 0.7103339492742905,
        "vaccin": 0.24988946749714452,
        "get": 0.1712205610628583,
        "peopl": 0.1388274819428581,
        "variant": 0.11337577692000077,
        "need": 0.10180682009142926,
        "like": 0.09486544599428635,
        "new": 0.08561028053142915,
        "stop": 0.08147442280061314,
        "test": 0.0750204486454649,
        "one": 0.07172753233714334
    },
    "Compassion and sentiment": {
        "covid": 0.6397459548431749,
        "get": 0.20397697110941806,
        "year": 0.13957230141428395,
        "mask": 0.13957230141428395,
        "vaccin": 0.12053184656465613,
        "first": 0.11809963965824029,
        "time": 0.11809963965824029,
        "got": 0.10198848555470903,
        "week": 0.09662697790219658,
        "thank": 0.08903978930166137,
        "like": 0.08344512454476194
    },
    "Remove": {
        "100k": 0.0,
        "place": 0.0,
        "piec": 0.0,
        "piet457": 0.0,
        "pile": 0.0,
        "pill": 0.0,
        "piss": 0.0,
        "pivot": 0.0,
        "pixel": 0.0,
        "pizdets17": 0.0,
        "pj": 0.0
    }
}