{
    "Informative posts": {
        "case": 0.40699428729465137,
        "new": 0.38976870095424715,
        "variant": 0.29232652571568535,
        "covid": 0.2834681461485434,
        "vaccin": 0.2214594891785495,
        "report": 0.21546756386187427,
        "death": 0.177230602412853,
        "omicron": 0.15502164242498465,
        "health": 0.14963025268185712,
        "via": 0.1025774065714698,
        "canada": 0.09744853624289632
    },
    "Informative questions": {
        "covid": 0.5701028305106236,
        "vaccin": 0.23322388520889148,
        "test": 0.21005159615311964,
        "curiou": 0.1517416345341903,
        "get": 0.1295688251160508,
        "wait": 0.10505261859161137,
        "know": 0.10365506009284065,
        "sampl": 0.10116108968946019,
        "vancouversun": 0.10116108968946019,
        "instanc": 0.10116108968946019,
        "mouth": 0.10116108968946019
    },
    "Jokes and sarcasm": {
        "covid": 0.8055734055877406,
        "variant": 0.1438523938549537,
        "lol": 0.11512284488694591,
        "new": 0.11508191508396294,
        "omicron": 0.11508191508396294,
        "get": 0.10069667569846757,
        "well": 0.08328840155750736,
        "name": 0.08328840155750736,
        "cough": 0.06907370693216755,
        "pleas": 0.06663072124600589,
        "shot": 0.06663072124600589
    },
    "Critique and opinions": {
        "covid": 0.7225032410981276,
        "vaccin": 0.2541705212983641,
        "get": 0.17415387570443466,
        "peopl": 0.14120584516575785,
        "variant": 0.11531810688536889,
        "need": 0.10355095312155575,
        "new": 0.08707693785221733,
        "stop": 0.08287022547659716,
        "test": 0.07630568319360179,
        "health": 0.060424092466889436,
        "way": 0.060269254892070655
    },
    "Compassion and sentiment": {
        "covid": 0.6590825939056417,
        "get": 0.21014227631774085,
        "year": 0.14379094350984428,
        "mask": 0.14379094350984428,
        "vaccin": 0.12417498146048322,
        "time": 0.12166925989294516,
        "week": 0.09954757627604603,
        "thank": 0.09173106113369098,
        "end": 0.07744566496611793,
        "shot": 0.07742589265914693,
        "kid": 0.07742589265914693
    },
    "Remove": {
        "100k": 0.0,
        "plan": 0.0,
        "piet457": 0.0,
        "pile": 0.0,
        "pill": 0.0,
        "piss": 0.0,
        "pivot": 0.0,
        "pixel": 0.0,
        "pizdets17": 0.0,
        "pj": 0.0,
        "pk": 0.0
    }
}