{
    "Positive": {
        "covid": 0.6009302075511446,
        "get": 0.2575415175219191,
        "vaccin": 0.24323365543736805,
        "first": 0.1573864829300617,
        "shot": 0.12877075876095956,
        "got": 0.10015503459185743,
        "kid": 0.10015503459185743,
        "time": 0.10015503459185743,
        "dress": 0.0969012653931927,
        "also": 0.08584717250730638,
        "today": 0.08584717250730638
    },
    "Neutral": {
        "covid": 0.6758289074796398,
        "new": 0.27234896271567577,
        "vaccin": 0.25217496547747753,
        "variant": 0.2345227178940541,
        "case": 0.20173997238198202,
        "omicron": 0.123565733083964,
        "get": 0.09582648688144146,
        "report": 0.09330473722666668,
        "like": 0.08826123791711714,
        "peopl": 0.08321773860756759,
        "health": 0.08321773860756759
    },
    "Negative": {
        "covid": 0.7338637541485221,
        "vaccin": 0.2258042320456991,
        "get": 0.2116914675428429,
        "peopl": 0.1587686006571322,
        "variant": 0.11995849827427765,
        "like": 0.09173296926856526,
        "new": 0.08820477814285121,
        "us": 0.0863205807545435,
        "think": 0.08177739229377805,
        "test": 0.07762020476570906,
        "even": 0.0772342038330126
    }
}